_id,first_name,last_name,email,gender,age,cart_id
1,Humfrid,Rignold,hrignold0@spotify.com,Male,41,1
2,Ofelia,Stanger,ostanger1@uol.com.br,Female,49,2
3,Brandyn,Poncet,bponcet2@goo.ne.jp,Male,74,3
4,Meara,Spavins,mspavins3@paginegialle.it,Female,68,4
5,Dacey,Mont,dmont4@elpais.com,Female,43,5
6,Louella,Reader,lreader5@soup.io,Female,23,6
7,Harwell,Bridgeman,hbridgeman6@ihg.com,Male,48,7
8,Otes,Janny,ojanny7@homestead.com,Male,35,8
9,Earvin,Forrestall,eforrestall8@wikimedia.org,Male,23,9
10,Amalea,Simionescu,asimionescu9@hatena.ne.jp,Female,32,10
11,Hugibert,MacAne,hmacanea@youtube.com,Male,30,11
12,Deane,Murray,dmurrayb@vkontakte.ru,Male,74,12
13,Nelia,Ealam,nealamc@timesonline.co.uk,Female,79,13
14,Bili,Cowcha,bcowchad@slashdot.org,Female,42,14
15,Jordan,Manvelle,jmanvellee@nydailynews.com,Male,30,15
16,Rahal,Whetnell,rwhetnellf@deviantart.com,Female,33,16
17,Frank,McMichan,fmcmichang@twitter.com,Male,31,17
18,Wilona,Skipton,wskiptonh@bandcamp.com,Female,26,18
19,Dietrich,Itzkovici,ditzkovicii@youtu.be,Male,40,19
20,Yurik,Astle,yastlej@uol.com.br,Male,46,20
21,Barbie,Joost,bjoostk@hostgator.com,Female,67,21
22,Lucio,Noor,lnoorl@adobe.com,Male,33,22
23,Jake,Fenix,jfenixm@parallels.com,Male,73,23
24,Gerta,Nend,gnendn@51.la,Female,34,24
25,Joyann,McKintosh,jmckintosho@cam.ac.uk,Female,20,25
26,Town,Ambrogioni,tambrogionip@shop-pro.jp,Male,40,26
27,Sancho,Kerbler,skerblerq@blinklist.com,Male,52,27
28,Uta,Eighteen,ueighteenr@engadget.com,Female,77,28
29,Herculie,Brimmacombe,hbrimmacombes@printfriendly.com,Male,64,29
30,Ogden,Wright,owrightt@mit.edu,Male,22,30
31,Dermot,Lavers,dlaversu@oracle.com,Male,58,31
32,Livy,Sans,lsansv@umich.edu,Female,38,32
33,Kirsten,Kayser,kkayserw@goodreads.com,Female,75,33
34,Falkner,Aymes,faymesx@ow.ly,Male,70,34
35,Thelma,Shanley,tshanleyy@booking.com,Female,34,35
36,Andrea,Dowe,adowez@123-reg.co.uk,Female,35,36
37,Rickert,Van Dale,rvandale10@1und1.de,Male,75,37
38,Freddy,Bracknall,fbracknall11@dion.ne.jp,Female,19,38
39,Agnes,Sugg,asugg12@exblog.jp,Female,25,39
40,Maribeth,Lequeux,mlequeux13@livejournal.com,Female,66,40
41,Rodi,Bluett,rbluett14@goodreads.com,Female,21,41
42,Caroline,Tarry,ctarry15@washington.edu,Female,38,42
43,Darsie,Overpool,doverpool16@redcross.org,Female,15,43
44,Anton,Nowick,anowick17@abc.net.au,Male,44,44
45,Liza,Stroban,lstroban18@squarespace.com,Female,52,45
46,Shea,Seccombe,sseccombe19@networkadvertising.org,Female,69,46
47,Frans,Pinkett,fpinkett1a@ovh.net,Male,39,47
48,Archie,Westcot,awestcot1b@china.com.cn,Male,21,48
49,Hatty,Basden,hbasden1c@europa.eu,Female,59,49
50,Leroi,Jarrel,ljarrel1d@constantcontact.com,Male,52,50
51,Fredrick,Pabel,fpabel1e@newyorker.com,Male,20,51
52,Artus,Bossingham,abossingham1f@qq.com,Male,38,52
53,Abe,Zelner,azelner1g@technorati.com,Male,32,53
54,Sheff,Ahern,sahern1h@jalbum.net,Male,46,54
55,Zack,Peeke,zpeeke1i@delicious.com,Male,30,55
56,Thorstein,Ruzicka,truzicka1j@ftc.gov,Male,24,56
57,Earlie,Karolyi,ekarolyi1k@youtube.com,Male,57,57
58,Josselyn,McFall,jmcfall1l@netvibes.com,Female,42,58
59,Idalia,Rickeard,irickeard1m@liveinternet.ru,Female,71,59
60,Gardie,Rebichon,grebichon1n@go.com,Male,25,60
61,Jordan,Glynne,jglynne1o@is.gd,Male,49,61
62,Kristoffer,Llewellyn,kllewellyn1p@jigsy.com,Male,41,62
63,Stefa,Fitzroy,sfitzroy1q@bbc.co.uk,Female,44,63
64,Avis,O'Lochan,aolochan1r@un.org,Female,18,64
65,Ina,Beaudry,ibeaudry1s@nature.com,Female,65,65
66,Crichton,Gregson,cgregson1t@washingtonpost.com,Male,51,66
67,Francklin,Menis,fmenis1u@google.fr,Male,25,67
68,Petronille,Verdon,pverdon1v@apple.com,Female,28,68
69,Jolynn,Naismith,jnaismith1w@youtu.be,Female,80,69
70,Claiborn,Benedetti,cbenedetti1x@gravatar.com,Male,64,70
71,Clare,Tebbett,ctebbett1y@networkadvertising.org,Male,22,71
72,Una,Raun,uraun1z@ow.ly,Female,72,72
73,Archibald,Blezard,ablezard20@wufoo.com,Male,47,73
74,Walden,Heffernon,wheffernon21@liveinternet.ru,Male,49,74
75,Egon,Bedlington,ebedlington22@edublogs.org,Male,25,75
76,Bess,Ahren,bahren23@java.com,Female,30,76
77,Marina,Webster,mwebster24@cdbaby.com,Female,72,77
78,Annamarie,Bownes,abownes25@goodreads.com,Female,63,78
79,Chen,Rainsdon,crainsdon26@chicagotribune.com,Male,25,79
80,Emlyn,Peyes,epeyes27@earthlink.net,Female,29,80
81,Sylvester,Fiddian,sfiddian28@dot.gov,Male,60,81
82,Ivory,Garratty,igarratty29@github.io,Female,19,82
83,Alyosha,Vlasov,avlasov2a@mashable.com,Male,38,83
84,Rosemary,Odgers,rodgers2b@imageshack.us,Female,54,84
85,Rollie,World,rworld2c@msn.com,Male,24,85
86,Krishna,Hakey,khakey2d@mediafire.com,Male,61,86
87,Kit,Doog,kdoog2e@csmonitor.com,Female,39,87
88,Welby,Ellum,wellum2f@booking.com,Male,68,88
89,Delbert,Ferrandez,dferrandez2g@bigcartel.com,Male,63,89
90,Gib,Huggen,ghuggen2h@nih.gov,Male,33,90
91,Modesty,Casa,mcasa2i@bluehost.com,Female,56,91
92,Inga,McCorrie,imccorrie2j@arizona.edu,Female,29,92
93,Garrot,Tidder,gtidder2k@joomla.org,Male,30,93
94,Chelsie,Mulgrew,cmulgrew2l@aboutads.info,Female,47,94
95,Elroy,Brearley,ebrearley2m@hp.com,Male,63,95
96,Tyler,Mulloch,tmulloch2n@domainmarket.com,Male,45,96
97,Timmy,Hogbin,thogbin2o@howstuffworks.com,Male,66,97
98,Viva,Muncer,vmuncer2p@unicef.org,Female,55,98
99,Rodrique,Paal,rpaal2q@opera.com,Male,72,99
100,Barbara,Amey,bamey2r@stanford.edu,Female,37,100
101,Ediva,Kairns,ekairns2s@prlog.org,Female,59,101
102,Glenn,Cronshaw,gcronshaw2t@slideshare.net,Male,80,102
103,Gratia,Constantinou,gconstantinou2u@netscape.com,Female,69,103
104,Duky,Baress,dbaress2v@acquirethisname.com,Male,52,104
105,Colin,Gariff,cgariff2w@tinyurl.com,Male,76,105
106,Jermaine,Barkes,jbarkes2x@guardian.co.uk,Male,17,106
107,Cosimo,Fendlen,cfendlen2y@symantec.com,Male,33,107
108,Philip,Brattan,pbrattan2z@elegantthemes.com,Male,64,108
109,Borg,Skowcraft,bskowcraft30@goo.gl,Male,63,109
110,Royall,Lifton,rlifton31@csmonitor.com,Male,63,110
